date,title,link,content
2023-06-20 07:29:02,서울 지하철 혼잡도 AI로 측정한다…교통카드·하중센서 데이터로 정확도 실증,https://n.news.naver.com/mnews/article/016/0002158272?sid=102,"[
AI기반 혼잡도 실시간 평가 용역 발주혼잡도 정보 직원·고객과 공유 검토



서울 지하철역 출구로 연결된 통로가 시민들로 가득 차 있다. [연합][헤럴드경제=김수한 기자] 서울교통공사는 지하철 역사 혼잡도를 인공지능(AI)을 활용해 실시간으로 측정하는 시스템을 개발한다고 20일 밝혔다.공사는 역사의 혼잡도를 실시간으로 측정해 혼잡 발생 실태별 대응책을 마련하기 위해 ‘AI 기반 도시철도 혼잡도 수준의 실시간 평가 및 운행지원시스템 개발’ 연구용역을 발주한다.연구용역은 AI가 혼잡단계별 폐쇄회로(CC)TV 정보를 학습한 뒤 실시간 영상을 보며 혼잡도를 분석하는 방식으로 이뤄진다.현재는 AI를 활용한 CCTV 정보분석 방식을 구상하고 있지만, 연구용역 업체가 독자 기술을 개발해 효과성이 검증되면 이 또한 활용할 계획이다.공사는 AI 분석 자료가 나오면 교통카드 이용 자료, 전동차 하중 센서, 비콘(위치 정보를 전달하기 위해 어떤 신호를 주기적으로 전송하는 기기) 등 다른 데이터와 교차 검증해 정확도를 실증할 예정이다.공사는 추후 실시간 혼잡도 정보를 이용객과 직원에게 제공하는 방안도 모색할 계획이다.역사 구조나 역세권에 따라 혼잡도가 다양하게 나타나는 점을 감안해 혼잡역사와 열차 혼잡 발생 실태를 정확하게 파악하는 조사도 실시한다.역사의 혼잡이 발생하는 형태, 장소, 시간 등을 현장 실사하는 방식으로 측정하고, 결과는 현재 제정 중인 국토교통부의 혼잡도 기준을 반영한 혼잡단계(보통·주의·혼잡·심각)별 대책 수립에 활용할 예정이다.혼잡 시간대에 열차 승하차 승객이 역사와 열차 혼잡도에 미치는 영향을 분석하고 혼잡단계별로 열차 운행을 조정하는 방안도 검토한다.심재창 서울교통공사 안전관리본부장은 “연구용역은 더 정확한 혼잡도 측정을 통해 맞춤형 안전대책을 수립하는 것을 목표로 한다”며 “혼잡도 관리를 시스템화해 시민이 안전하게 지하철을 이용할 수 있는 환경을 조성하겠다”고 말했다.
]"
2023-05-10 11:21:30,"서울시 지하철 역사, AI로 혼잡도 측정 추진",https://n.news.naver.com/mnews/article/449/0000249278?sid=102,"[




출처:뉴시스지하철 혼잡도에 대한 우려가 커지는 가운데 서울시가 지하철 역사 내 혼잡도를 인공지능(AI)을 활용해 측정하는 기술 개발에 나섰습니다. 서울교통공사는 'AI 기반 실시간 혼잡도 평가 및 운행지원 시스템' 개발 용역을 다음 달 발주할 예정입니다. 약 5억 원을 투입해 시스템을 개발한 뒤 신뢰도 검증을 거쳐 정식 도입을 검토합니다. 지하철 열차의 경우 하중센서와 승하차 정보 등을 이용해 혼잡도를 측정하고 있지만 역사는 실시간 혼잡도 측정이 이루어지지 않고 있습니다. 지난해 이태원참사 당시 역사에 몰린 인파 측정이 제대로 안 돼 지하철 무정차 등 조치가 이루어지지 않았다는 지적도 나왔습니다. 공사 측은 이번 기술 개발을 통해 역사 내 실시간 혼잡도를 측정해 시민들에게 미리 알릴 수 있는 시스템을 구축하겠다고 밝혔습니다. 공사는 지난해 말 혼잡도 특별관리대책을 수립, 환승통로에 이동형 펜스를 설치하고 역사 내 매점이나 음료자판기, 서점 등을 철거,이전하는 대책을 내놓은 바 있습니다.
]"
2024-04-29 06:31:01,[기고]콩나물시루 지하철의 꿈,https://n.news.naver.com/mnews/article/018/0005726794?sid=102,"[
박병섭 서울교통공사 안전관리본부장



 서울지하철에 처음 푸쉬맨이 등장한 것은 1990년의 일이다. 푸쉬맨은 말 그대로 승강장에 서서 승객들을 전동차 안으로 밀어 넣는 역할을 했다. 당시 서울은 자동차 등록 대수가 1백만 대를 넘어서며 지상 교통의 기능이 마비되는 상황에 놓여있었다. 시민들은 자동차 대란을 피해 지하철로 몰려들었다. 승차난을 해소하기 위해선 한 사람이라도 더 태워야 했다. ‘지옥철’이라는 꼬리표를 달게 된 것도 이때 쯤이다. 너무 많은 승객이 타면서 출입문의 고무 패킹이 떨어져 나가는 경우도 적지 않았고, 승객들이 밀리는 바람에 전동차의 출입문이 휘어져 제대로 작동이 안 되는 경우도 3개월에 한 번 정도 있었다고 한다. 출퇴근길이 얼마나 고단했을지 짐작케 한다. 그로부터 4년 뒤 푸쉬맨은 커트맨에게 자리를 내주게 된다. 높은 혼잡도로 인한 불편과 무리한 승차에 따른 운행 지연은 새로운 대안을 필요로 했다. 커트맨은 만원 전동차에 승객들이 무리하게 타지 못하게 제지하는 임무를 맡았다. 30년도 더 된 이야기지만 혼잡도 문제는 지금도 여전히 풀기 어려운 숙제다. 매년 국정감사나 행정사무감사의 단골 지적 사항이기도 하다. 최근 인파 밀집에 대한 사회적 관심과 민감도가 높아진 상황에서 고민은 더욱 깊어졌다. 단기간에 단편적 정책으로 접근하는 땜질식 처방은 한계가 있다는 걸 잘 알고 있었다. 보다 근본적이고 지속 가능한 대응책 마련을 위해선 우선 전담 조직이 필요했다. 지난해 1월 혼잡도 개선팀 신설을 시작으로 본격 사업에 나서게 됐다.  1~8호선 중 4호선의 출퇴근 시간대 혼잡도가 가장 우려스러웠다. 진접선 개통으로 최고 혼잡도가 162%에서 186%로 폭증하면서 민원이 끊이질 않았다. 혼잡도를 낮추는 가장 효과적인 방법은 열차의 추가 투입이다. 다행히 최근 노후 전동차 교체 사업에 따른 신조차 도입으로 전동차 운용이 안정화되면서 여력이 생겼다. 두 차례에 걸쳐 증회 운행을 시행한 결과, 효과는 즉각 나타났다. 혼잡도가 186%에서 150%까지 낮아진 것이다. 2·3·5·7호선에서도 열차 혼잡도 모니터링을 통해 열차 운행을 조정하여 출퇴근 시간대 증회가 이뤄졌다. 예비 열차를 활용하는 것만으로는 안정적인 운영이 어려울 수 있어 4·7호선에서는 보유 차량의 수를 늘리는 증차를 추진 중이다. 현재 약 450억 원 규모의 4호선 3편성 증차 계획이 행정안전부의 중앙투자심사를 통과한 상태다. 시간이 조금 걸리더라도 혼잡도 완화에 가장 확실한 방법이기에 차질 없이 진행해 나갈 것이다.  역사의 구조적인 부분을 개선하는 작업도 활발히 이뤄지고 있다. 승강장 등에서 보행에 불편을 일으키는 지장물 철거를 통해 보행 동선을 개선함으로써 밀집도를 낮출 수 있기 때문이다. 22개 중점 과제를 발굴하여 개집표기 증설 등 단기적이고 시급한 13개 과제는 완료했다. 커트맨의 바통은 안전 도우미가 이어받았다. 혼잡도가 높은 91개 역을 중심으로 안전 도우미 364명이 배치되어 승강장 발 빠짐, 출입문 끼임 등 안전사고 예방을 위한 계도 활동을 벌이고 있다. 체계적인 혼잡도 관리를 위해선 무엇보다 정확한 혼잡 데이터를 확보하는 것이 중요한 만큼, 인공지능(AI) 기술을 활용한 혼잡도 측정 및 분석 기술 개발 용역도 진행 중이다. 향후 혼잡도 측정·분석·공유가 효과적으로 이뤄질 수 있도록 고도화할 계획이다.  지하철 혼잡도는 시민의 안전과 직결되는 문제다. 삶의 질이 달려 있다. 서울교통공사가 국내 도시철도 운영기관 최초로 혼잡도 관리 가이드를 마련해 혼잡도 관리 체계를 확립한 것은 그 엄중함 때문이었다. KTX나 비행기 객실 수준의 안락한 서비스는 어렵겠지만, 서울지하철을 이용하는 시민께서 적어도 불쾌하거나 불편하지 않도록 하겠다는 것이 소박한 목표다. 시민의 눈높이에서 체감도 높은 혼잡도 개선 정책을 지속 발굴해 추진해 나갈 것이다. 그렇게 해서 수십 년간 서울지하철을 수식했던 콩나물시루, 지옥철의 멍에에서 벗어나는 꿈을 조심스레 품어본다. 지금 서울교통공사는 그 어느 때보다 혼잡도에 진심이다.
]"
2024-05-03 03:01:46,"교차로 꼬리물기 감지한 AI, 빅데이터로 최적 신호주기 찾아내",https://n.news.naver.com/mnews/article/020/0003562616?sid=102,"[
[M-Tech와 함께 안전운전] 〈2〉 빅데이터 - AI 활용 스마트교차로AI CCTV-라이다 등 첨단장비 설치… 교차로 교통량-돌발 상황 등 계산신호 탄력 운영해 정체-사고 예방서울시, 상습체증 6곳서 시범운영… “도입후 교통지체 최대 28% 줄어”지난달 16일 서울 노원구 지하철 6호선 태릉입구역 인근의 화랑로. 퇴근 시간인 오후 6시 40분경 이 도로에선 신호가 바뀌기 전인데도 교차로에 진입한 차량들 때문에 ‘꼬리물기’ 정체 상황이 벌어졌다. 그러자 같은 시간 시내 교통량 등을 관리하는 서울교통정보포털 상황실에 있는 ‘스마트 교차로 운영 시스템’ 화면엔 노란색 경고 표시가 올라왔다. 얼마 지나지 않아 꼬리물기 상황을 해결하기 위해 “화랑로 교차로의 신호주기를 3∼5초 늘려야 한다”는 대응 방안이 자동으로 추산됐다. 꼬리물기는 신호가 바뀌었는데도 앞 차량을 따라가다 다른 차로에서 운행하던 차량의 진행을 방해하는 행위로, 차량이 몰리는 출퇴근 시간 교통 체증을 유발하는 주요 원인이다. 무리하게 운행하다가 사고까지 발생할 수 있어 교통안전을 위협하는 운전 습관으로 꼽힌다. 서울시는 올 1월부터 동북권 주요 간선도로이자 꼬리물기로 인한 상습 교통 체증이 발생하는 노원구 태릉입구역 화랑로와 동일로, 노원로 등 주요 교차로 6곳에서 스마트 교차로를 시범 운영 중이다. ● 최적 신호 계산해 정체·사고 예방 



지난달 16일 오후 6시 40분경 서울 노원구 화랑로 일대에서 ‘꼬리물기’ 현상이 발생하자 서울시청 서울교통정보포털(TOPIS) 상황실에 현장 상황이 실시간으로 송출되고 있는 모습. 시는 화랑로 일대에서 인공지능(AI) 폐쇄회로(CC)TV등이 설치돼 교통 체증 상황에 맞게 신호시간을 탄력적으로 조정하는 스마트교차로를 시범 운영중이다. 서울시 제공‘스마트 교차로’란 교차로의 교통량, 돌발 상황 등을 추출해 생성된 빅데이터를 기반으로 최적 신호를 산출하고 실시간으로 신호 시간을 조정하는 지능형 교통 시스템이다. 운전자는 획일적으로 정해진 신호 시간을 기다리는 대신 교통 체증 상황에 맞게 바뀐 신호 시간에 따라 운전할 수 있다.  노원구 화랑로 일대에는 인공지능(AI) 폐쇄회로(CC)TV 28대와 레이더 검지(檢知)기 2대, 공간측정 라이다(LiDAR) 감지기 2대가 설치돼 있다. 최첨단 장비들이 차량 종류나 보행자 유무, 교통량, 신호 정보, 카메라 영상 등의 자료를 실시간으로 수집한다. 이렇게 수집된 정보는 딥러닝 분석 알고리즘을 통해 교차로별로 최적화된 신호 운영시간을 산출하는 데 이용된다.  최적 신호를 적용하면 차량의 신호 대기 시간은 줄고, 꼬리물기와 같은 돌발 상황으로 인한 교통 체증이나 사고는 줄어드는 것으로 나타났다. 스마트 교차로를 도입했을 때 교통 지체 감소를 분석한 결과 시간대에 따라 지체도가 최소 6%에서 28% 가까이 줄어들었다. 서울시 관계자는 “오전 시간대에 최적 신호를 반영하면 교통 체증 지체가 4분의 1 이상 감소하고, 통행 속도는 그만큼 늘어나는 효과가 있는 것으로 기대된다”고 설명했다. ● 지능형 교통 시스템, 무단횡단 감지해 



차량이 운전자에게 사고 위험 정보를 실시간으로 제공하는 ‘차세대 지능형 교통 시스템(C-ITS)’도 서울에서 운영 중이다. 실시간으로 도로 위험정보를 수집하고, 전방 추돌 및 무단횡단 보행자 등의 위험 상황을 운전자에게 즉각 알리는 것이다. 서울의 중앙버스전용차로와 도심 주요 도로 구간 740km 이상에 구축돼 있다.  C-ITS 도로 인프라 중 딥러닝 검지기는 버스중앙차로 및 주요 교차로에 설치되어 있다. 실시간으로 수집된 도로 영상을 딥러닝 기반으로 분석한 후 객체를 인지해 무단횡단 보행자, 교차로 위험, 정류장 혼잡도 등의 위험 정보 총 34종을 수집 및 제공한다. 첨단 운전자 지원 시스템(ADAS)은 대중교통 운행 중 실시간으로 수집된 영상 분석을 통해, 포트홀 유무를 판단하는 데 활용된다. 만약 버스 운행 중 포트홀 사진이 접수되면 이를 소셜네트워크서비스(SNS) 등을 통해 시민에게 알린다. ● “오차 최소화해야”…알고리즘 개발  이 같은 효과에 지난해부터 전국적으로도 스마트 교차로와 차세대 지능형 교통 시스템의 도입이 늘어나고 있다. 국토교통부는 일선 지자체가 스마트 교차로 등을 도입할 수 있도록 ‘지능형 교통체계 구축 사업’을 운영 중이다. 경기 여주시, 충남 천안시, 전북 전주시 등이 스마트 교차로를 도입했다.  다만 AI가 최적 신호를 산출하는 만큼 오류 가능성이 있다는 점이 한계로 꼽힌다. 조준한 삼성교통안전연구소 수석연구원은 “교차로 정체는 신호 대기, 불법 주정차, 사고 등 다양한 요인이 있을 수 있는데 AI가 정체 요인을 오인해서 최적 신호를 잘못 선정하면 오히려 혼란이 일어날 수 있다”며 “딥러닝 기반의 학습이 충분히 되어 오류 및 오차를 최소화시키는 것이 중요하다”고 강조했다.  이 같은 AI 수집, 분석 알고리즘을 개발하는 움직임도 활발해지고 있다. 도로교통공단은 사내벤처를 출범해 스마트 교차로 구간의 교통량과 차량 정보를 분석하는 알고리즘을 개발할 예정이다.스마트 교차로교차로의 교통량과 속도, 돌발 상황 등을 수집한 빅데이터를 기반으로 최적 신호를 산출해 신호 주기에 반영하는 지능형 교통 시스템. 공동 기획 행정안전부 국토교통부 경찰청 소방청 서울시 한국교통안전공단 손해보험협회        한국도로공사 도로교통공단 한국교통연구원 삼성교통안전문화연구소교통 문화를 개선하기 위해 독자 여러분의 제보와 의견을 e메일(lifedriving@donga.com)로 받습니다. 
]"
2023-11-02 13:44:29,‘혼잡률 200% 육박’ 서울지하철…AI가 ‘심각’ 판단하면 진입 통제,https://n.news.naver.com/mnews/article/056/0011594450?sid=102,"[




김포시민들이 서울로 출퇴근할 때 주로 이용하는 교통수단, 김포 골드라인.출근 시간 혼잡률이 한때 285%까지 치솟으며, 열차에서 숨 쉬기조차 어렵다는 하소연이 이어졌습니다.열차 추가편성은 물론, 대체 버스편 투입, 수륙양용버스, 리버버스까지….김포시와 서울시, 국토부까지 나서 혼잡도를 떨어트리기 위한 각종 대책과 아이디어들을 쏟아냈습니다.■ 김골라 이어 서울지하철도…일부 노선 200% 육박출근길 혼잡률이 높은 건 서울지하철도 마찬가지입니다.올해 3분기 서울지하철 4호선의 최고 혼잡률이 193.4%로 200%에 육박하는 것으로 나타났습니다.



사람이 몰리면 안전 문제에 대한 우려가 커질수밖에 없는 상황.행정안전부는 서울교통공사와 김포골드라인의 데이터를 분석해 '승강장 혼잡도 예측 모델'을 만들었습니다. AI (인공지능) 기반 시스템으로 승강장에 얼마나 사람이 몰리는지 분석하는 겁니다.통상 지하철을 타고 내릴때 개찰구에 교통카드 '태그'를 하죠.  이 '개찰구 태그 데이터'와 '열차 출발·도착 데이터'가 매우 중요한 기준이 됩니다.승객이 역에 도착하면 개찰구로 나가게 되는데, 이때 카드를 태그한 시간과 직전 열차 도착시각을 비교해 승객이 하차 시 승강장에 머문 시간을 알 수 있습니다.



승차 시 승강장에 머문 시간도 역추적을 통해 확인 가능합니다. 도착 역에서 카드를 태그한 시간과 직전 도착한 '열차 출도착 데이터'를 바탕으로 해당 승객이 어떤 열차를 타고 왔는지 알 수 있게 되죠.거슬러 올라가면, 카드를 태그하고 들어온 승객이 그 열차를 타기까지 승차역 승강장에 머문 시간도 알 수 있습니다.



■ AI 모델로 4단계 구분…'심각'해지면 열차 못 탈 수도이렇게 측정된 데이터를 기반으로 승강장 혼잡도가 심각해지면 열차를 못 탈 수도 있습니다.예를 들어보겠습니다. 실시간으로 승강장에 300명의 시민이 50㎡ 면적의 승강장에서 열차를 기다리고 있습니다. 이를 국토부 기준인 면적당(㎡) 기준인원 4.3명으로 다시 나누게 됩니다.이 4.3명을 기준(100%)으로, 초과 비율에 따라 혼잡률이 산출되는 방식입니다.   (300÷50) ÷ 4.3 = 1.395      →     혼잡률 : 139.5 %    이렇게 나온 139.5%는 아래 단계 중 '주의' 혼잡도 단계에 해당합니다.



이 주의 단계부터 모니터링을 강화하게 되는데, 사람이 더 많아져 심각 단계로 접어들면 통제인력이 배치돼 열차 탑승이 제한될 수도 있습니다. 각 단계에 맞춰 안전요원 배치나 안내방송 등의 조치가 이뤄질 수도 있습니다.두 차례 성능검증을 거쳤는데, 분석 모델의 정확도는 90.1%로 확인됐습니다.행정안전부는 연내 시범운영을 거칩니다. 이후 이 모델을 표준화해 수도권과 부산, 대구, 광주, 대전 등 4개 도시에도 적용할 계획입니다.이와함께 서울교통공사는 어제(1일) 서울지하철 4,7호선에 '의자 없는 칸'을 시범도입해 혼잡도를 낮추겠다고  밝히기도 했는데요, 시민들이 대책들의 효과를 체감할 수 있을지는 두고봐야 할 것 같습니다.■ 제보하기▷ 전화 : 02-781-1234, 4444▷ 이메일 : kbs1234@kbs.co.kr▷ 카카오톡 : 'KBS제보' 검색, 채널 추가▷ 네이버, 유튜브에서 KBS뉴스를 구독해주세요!
]"
2023-05-11 05:04:21,AI가 혼잡도 측정… 서울 지하철 안전사고 막는다,https://n.news.naver.com/mnews/article/081/0003360277?sid=102,"[
내년 도입 목표로 시스템 개발개찰구·계단 등 위치별로 파악서울 지하철에 역사 내 혼잡도를 실시간으로 측정해 사고 위험을 줄이는 방안이 추진된다.서울교통공사는 인공지능(AI)을 기반으로 한 ‘실시간 혼잡도 평가 및 운행지원 시스템’을 개발하기 위한 용역을 다음달 발주할 계획이라고 10일 밝혔다. 용역비는 5억여원이 투입되고 공사는 연말까지 시스템 개발을 완료하고 실증을 거친 뒤 실제 도입 여부를 판단할 계획이다.교통공사는 현재 교통카드 승·하차 정보와 이동통신데이터, 하중센서 등을 활용해 지하철 1~8호선 열차 내 혼잡도를 측정해 승객들에게 알리는 방법으로 객실 내 혼잡도를 줄이고 있다. 개찰구나 계단, 승강장 등 역사 내 위치별 혼잡도는 구체적인 측정 방식이나 지표가 없었다.이번에 개발되는 시스템은 역사 내 위치별로 실시간 혼잡도를 파악해 AI를 통해 통일된 지표를 만들게 된다. 시는 이런 데이터를 바탕으로 역사 내 승객들을 분산시켜 사고를 예방할 계획이다.서울 지하철 역사 혼잡도는 1~8호선 평균 145.7%로 코로나19 이전인 2019년 134.2%보다 11.6% 포인트 늘었다.노선별로는 4호선이 185.5%로 가장 높았고 이어 2호선 172%, 7호선 160.0 %, 3호선 154.8% 등의 순이었다.공사는 지난해 말부터 특별관리대책을 수립해 시 예산 24억원을 확보, 22개 과제를 추진하고 있다. 과제에는 역사 내 환승통로 이동형 펜스 설치, 개·집표기 확장, 노후 환승계단 단차 개선 등이 있다. 공사 관계자는 “이르면 다음달 발주해 내년에는 도입할 수 있도록 할 계획”이라고 말했다.
		]"
2023-06-23 14:40:01,"김혜지 서울시의원, 지하철역 혼잡도…다양한 개선대책 추진",https://n.news.naver.com/mnews/article/081/0003371347?sid=102,"[
김 의원, 서울교통공사가 개발 중인 혼잡도 평가시스템 점검천호역을 비롯한 혼잡 역사의 차질 없는 혼잡도 개선 추진 당부



김혜지 서울시의원서울시의회 김혜지 의원(국민의힘·강동구 제1선거구)은 지난 21일 열린 서울시의회 제319회 정례회 교통위원회 회의에서 백호 서울교통공사 사장을 상대로 최근 교통공사가 발표한 인공지능(AI) 기반 실시간 혼잡도 평가시스템 개발 추진의 진행 상황을 점검하는 한편, 서울교통공사의 역사 혼잡도 개선 추진 과제 22개 가운데 하나인 천호역 환승계단 개량 과제의 차질 없는 추진도 주문했다.서울교통공사가 이번에 개발하는 인공지능(AI) 기반 실시간 혼잡도 평가시스템은 지하철 역사의 폐쇄회로TV(CCTV) 정보를 바탕으로 승강장이나 계단, 환승통로, 맞이방 등의 실시간 혼잡도를 측정·평가해 시민들에게 실시간 혼잡도 정보를 제공하는 한편 혼잡도 급증 시 신속 대응을 목적으로 개발되는 시스템이다.현재 행정안전부와 공동 개발중인 실시간 역사 혼잡도 경보시스템, 사당역에서 시범 실시되는 딥러닝(AI) 영상 분석을 통한 실시간 혼잡도 분석(예측) 시스템과 함께 지하철 내 여러 공간의 혼잡도를 분석함으로써 혼잡도 밀집 시 신속하게 대응하는 체계를 구축하는 것도 목표로 하고 있다.또한 서울교통공사는 다른 사람에게 밀려서 움직이는 수준이거나 움직일 수 없는 상태인 주요 고혼잡 역사를 대상으로 역사의 혼잡도를 개선하기 위한 22개 과제를 발굴하고, 혼잡의 원인과 발생 지점 등을 분석해 승객 유도, 공간 확보 등 개선을 추진한다는 방침이다.잠실역의 경우 개·집표기를 신규로 설치해 공간을 마련하고, 강남역은 이동동선을 유도하는 표지판을 설치해 승객 분산을 유도하는 한편, 옥수역의 경우 유휴 시설을 철거해 대기공간을 확보하는 식이다.주요 고혼잡 역사 가운데 하나인 5·8호선 환승역 천호역의 경우 환승 구간은 짧지만 환승 이용객이 많아 출·퇴근 시간대에 환승 구간이 상당히 혼잡한 편이다. 김 의원은 “지하철 5호선이 하남 방면으로 연장되면서 이용객이 더욱 늘어나 혼잡도 개선 필요성이 더욱 커졌다”고 지적하며 “내년 6월에는 암사에서 별내까지 지하철 8호선이 연장 개통하게 되는데, 이용객 증가를 대비해 안전한 지하철 이용 환경을 조성할 필요가 있다”고 언급했다.서울교통공사도 천호역의 혼잡도 개선이 필요하다고 판단하고 환승 구간 계단 상부 공간을 확보하는 한편, 장기적으로는 환승계단 추가 설치 등의 방법을 모색하고 있다고 답변했다.
		]"
2023-05-10 15:05:03,"지난해 서울 지하철, 강남역이 가장 붐볐다",https://n.news.naver.com/mnews/article/009/0005128115?sid=100,"[
서울시, 시민 대중교통 이용현황 분석2호선, 5호선, 7호선 순으로 승객 많아교통공사 ‘AI 기반 혼잡도 조사’ 개발 나서



 퇴근길 북적이는 지하철. [자료 = 연합뉴스]지난해 서울에서 가장 붐빈 지하철역은 강남역이었다.10일 서울시는 한 해 동안 수집된 대중교통 카드 데이터를 활용해 분석한 ‘2022년 대중교통 이용현황’을 발표했다.서울에는 1~9호선, 우이신설선, 신림선 등 총 11개 노선이 운영되고 있다. 총길이는 357.66km이며 337개의 역사를 약 490편의 열차가 하루 5062회 운행하고 있다.서울시민이 주로 이용하는 대중교통인 지하철의 작년 총 이용건수는 18억 8000여건, 하루평균 이용건수는 516만건으로 나타났다.지하철 하루평균 이용건수는 주말(364만건)보다 평일(577만건)이 213만건 더 많았다.



 2022년 서울 지하철 이용건수 순위 TOP5. [자료 = 서울시]승객이 많았던 호선은 2호선, 5호선, 7호선이 상위권으로 꼽혔다.지하철 호선별 이용비율은 2호선(23.5%), 5호선(10.9%), 7호선(10.2%), 3호선(8.9%), 4호선(8.4%), 9호선(6.4%), 6호선(5.7%), 1호선(3.9%), 8호선(3.2%) 순이었다.역별로는 강남역(하루평균 7만 1598명), 잠실역(6만 8635명), 홍대입구역(5만 7426명) 등 환승역의 승차 건수가 높은 것으로 나타났다.서울교통공사는 역사 내 혼잡 상황을 실시간으로 파악하기 위해 AI 기술을 활용할 예정이다.서울교통공사는 이날 ‘AI 기반 실시간 혼잡도 평가와 운행지원 시스템’을 개발하기로 하고 이달 중 용역을 발주할 계획이라고 밝혔다.용역비 5억원을 투입해 연말까지 시스템 개발을 완료한 뒤 추가 실증을 거쳐 신뢰도를 평가해 정식 도입 여부를 결정할 방침이다.현재 공사는 교통카드 승·하차 정보, 하중 센서, 이동통신 데이터 등을 활용해 지하철 1∼8호선 열차 내 혼잡도를 측정하고 이를 승객에게 알려 덜 붐비는 칸으로 분산되도록 유도하고 있으나, 구체적인 혼잡도 측정 방식이나 심각한 정도를 구분하는 지표가 없어 대책 마련에 한계가 있다.서울교통공사 측은 “연구용역 결과를 받아보고 AI 기술 도입 여부를 결정하겠다”고 말했다.
]"
2018-03-25 17:16:08,ICT가 지하철과 야구장으로 들어서다,https://n.news.naver.com/mnews/article/469/0000287923?sid=105,"[
KT-서울교통공사, 안전한 지하철 만들기SK텔레콤 자율주행차는 시구 도우미로



지하철 역 내 승객 안전과 보안을 강화하는 KT의 24시간 관제 시스템 '기가 아이즈' 실행 화면. KT 제공정보통신기술(ICT)이 우리 일상 속으로 빠르게 들어오고 있다. 최근 KT는 지하철의 안전을 위해 ICT를 도입했고 SK텔레콤은 5세대(5G) 자율주행차 홀로그램 등 최첨단 기술들로 흥미로운 시구 이벤트를 마련했다.KT는 서울교통공사와 ‘그린 서브웨이를 위한 실증사업’ 설비 구축을 마쳤다고 25일 밝혔다. KT와 서울교통공사가 지하철 5호선 주요 역사에 구축한 설비는 공기질 관리 서비스, 지능형 폐쇄회로(CC)TV, 여성 화장실 안전 시스템, 에너지 사용량 분석 시스템 등이다.공기질 관리 솔루션은 사물인터넷(IoT)으로 지하철 역 안팎의 공기질을 측정해 초미세먼지 농도와 온도 및 습도, 이산화탄소, 소음 등을 1분 단위로 수집한다. 이 데이터는 서울교통공사 보건환경처의 통합 관제 시스템으로 실시간 전송된다. 공기질 상태에 따라 공조기가 운영되기 때문에 빅데이터 분석 결과를 활용하면 에너지 절감이 가능할 것으로 기대된다.KT의 24시간 관제 시스템 ‘기가아이즈’는 광화문역과 천호역, 고덕차량기지 3곳에 설치돼 승객 이상유무 확인, 혼잡도 파악, 얼굴 인식 등으로 승객 안전과 보안 강화에 활용된다. 광화문과 왕십리, 영등포구청 등 10개 역의 여성 화장실에는 비명 감지 기술이 적용됐다. 비명 소리가 나면 화장실 입구의 경광등이 울리고 역무원의 스마트폰으로 위급상황이 전달된다. 서울교통공사는 승객이 많지 않은 새벽과 심야 시간대에 유용한 서비스로 판단하고 빠른 대응을 위해 범죄예방센터와 협력을 추진 중이다.



24일 인천 SK행복 드림구장에서 열린 프로야구 개막 경기에서 시구자 이정훈(13)군이 SK텔레콤 자율주행차와 홀로그램 인공지능 아바타 '릴리'의 도움을 받아 시구를 하고 있다. SK텔레콤 제공지난 24일 인천 SK행복 드림구장에서 열린 SK와이번스와 롯데 자이언츠 프로야구 개막 경기 시구에서는 시구자 인천 동막초등학교 6학년 이정훈군이 자율주행차를 타고 등장했다. 차 안에서는 홀로그램 인공지능(AI) 아바타 ‘릴리’와 대화를 나누며 마운드까지 이동하는 방법을 안내 받았다. 릴리는 SK텔레콤이 지난 2월 스페인 바르셀로나에서 열린 ‘모바일월드콩그레스(MWC) 2018’에서 공개한 3차원(3D) 가상 아바타다. 릴리는 이군에게 “긴장하지 마세요” “즐겁게 공을 던져요” “파이팅” 등의 말을 건넸다.자율주행차로 이동하고 AI 아바타와 대화하는 장면은 모두 5세대(5G) 통신으로 대형 전광판에 실시간 중계됐다. 이군은 “릴리와의 대화는 실제 사람과 이야기를 나눈 것 같았다”며 “마치 미래에 온 듯한 느낌이었다”고 말했다.박진효 SK텔레콤 ICT 기술원장은 “고객이 많이 찾는 야구장에서 첨단 ICT 기술을 알리기 위해 시구 이벤트를 마련했다”며 “5G 자율주행 등 ICT 기술이 만들 미래상을 지속적으로 제시할 것”이라고 밝혔다.맹하경 기자 hkm07@hankookilbo.com▶한국일보 [페이스북] [카카오 친구맺기]▶네이버 채널에서 한국일보를 구독하세요![ⓒ 한국일보(hankookilbo.com), 무단 전재 및 재배포 금지]
		]"
2024-02-27 14:09:01,[단독] ‘의자 없는 열차’ 7호선에도 도입한다… “4월부터 개시”,https://n.news.naver.com/mnews/article/022/0003908300?sid=102,"[
서울교통公 “긍정 여론 우세”혼잡도, 최대 40% 개선 기대효과·반응 고려해 ‘정식 도입’오는 4월부터 서울 지하철 7호선에도 ‘객실 의자 없는 열차’가 도입된다. 출퇴근 시간대 극심한 열차 내 혼잡도를 완화하기 위한 방편인 의자 없는 열차는 지난달 10일부터 4호선에서 시범 운영 중이다.     27일 서울교통공사(이하 공사)에 따르면 공사는 의자 없는 열차에 대한 온라인 시민 반응을 분석한 결과 긍정·부정적 반응이 7대 3 정도 비율로 나타나자 시범 사업을 7호선으로 확대하기로 결정했다. 백호 공사 사장은 세계일보와 인터뷰에서 “시민들이 4호선 의자 없는 열차를 긍정적으로 바라봐 주셔서 7호선 확대 시행을 준비하고 있다”며 “준비 기간 등을 거쳐 4월쯤 선보일 것”이라고 설명했다.     



   서울 지하철 4호선에서 시범 운행 중인 ‘의자 없는 열차’ 내부 모습. 서울교통공사 제공    앞서 공사는 지난해 11월 서울 지하철 1~8호선 중 혼잡도가 높은 4·7호선에 의자 없는 열차를 시범 도입하겠다고 밝힌 바 있다. 그러나 안전상 우려 등으로 부정적 여론이 일자 일단 혼잡도가 가장 높은 4호선에만 적용하기로 했다. 공사는 4호선 전동차 1편성 1칸(네 번째 또는 일곱 번째 칸)의 객실 의자를 제거하고 지난달 10일 출근길부터 시범 운행을 시작, 혼잡도 개선 효과 등을 검증하고 있다.     공사는 승객 넘어짐 사고 등에 대비하고자 지지대와 손잡이, 범시트(입식 등받이 의자) 등 보완 작업도 마쳤다고 덧붙였다. 의자 없는 열차 도입으로 혼잡도가 최대 40%까지 개선될 수 있다고 공사는 내다보고 있다. 백 사장은 “하차문 앞 의자를 없앤 시내버스에서 아이디어를 얻었다”며 “4·7호선 시범 운영 후 혼잡도 개선 효과와 시민 반응 등을 고려해 정식 도입 여부를 결정할 것”이라고 말했다.     



  백 사장은 ‘지하철 택배’로 불리는 지하 물류 구상과 관련해선 “미래의 공사는 여객 운송뿐만 아니라 물류 운송까지 담당하는 기관으로 거듭날 것”이라며 “지하철 이용 시민이 물품보관함(T-Locker) 간 소형화물을 운송하는 공유배송 서비스를 준비 중이고, 내년부터 ‘역사․차량기지 공동물류센터’ 구축을 본격 진행할 계획”이라고 했다. 그는 인공지능(AI)이 역사 폐쇄회로(CC)TV를 분석해 실시간으로 혼잡도를 측정하는 시스템 구축과 ‘도시철도 안전 챗GPT’ 시범사업 등도 추진하고 있다고 소개했다.
]"
2023-07-23 10:02:06,미래 병원이란 바로 이런 곳,https://n.news.naver.com/mnews/article/262/0000016691?sid=102,"[
고려대안암병원 메디컴플렉스 신관 ‘그랜드 오픈’● 10년 설계+6년 공사 산물 메디컴플렉스 신관● 최상위·최상급·최첨단 인프라● 환자의 1초까지 소중히… 맞춤형 편의 증진 시설● 미래 의학 집합체 ‘스마트 호스피탈’● 인류애 실천, 세계 향하는 仁術● 한승범 원장 “하드웨어·소프트웨어 한 번 더 도약”



7월 10일 오픈한 고려대안암병원 메디컴플렉스 신관. [조영철 기자]7월 10일 고려대안암병원이 신축 신관(메디컴플렉스 신관) ‘그랜드 오픈’을 알렸다. 10년간의 세심한 설계와 6년에 걸친 대규모 공사를 통해 기존 대비 2배 규모로 몸집을 키웠다. 그럼에도 병상수는 늘리지 않았다. 환자 1인당 공간을 확대하며 오로지 의료서비스 질 향상과 환자 편의에 초점을 맞췄다. 하드웨어 변화만큼 내원객의 경험 수준을 향상하는 소프트웨어 변화도 이어지고 있다. 고려대안암병원은 이번 신축을 통해 완전히 새로운 병원으로 탈바꿈함과 동시에 디지털 헬스케어 중심 스마트병원을 실현하며 미래 의료기관의 기준을 제시하고 있다.최상위 의료기관에서 만나는 시설·의료진



메디컴플렉스 신관 1층으로 확대 이전한 권역응급의료센터엔 고려대안암병원의 사명과 필수 의료를 강화하기 위한 노력이  배어있다. [조영철 기자]고려대안암병원은 의료전달체계 최상위 의료기관으로서 중증·급성 질환 중심 초고난도 치료가 필요한 환자에게 희망을 전하고 있다. 메디컴플렉스 신관엔 이러한 고려대안암병원의 사명과 필수 의료를 강화하기 위한 노력이 배어 있다. 메디컴플렉스 신관 1층의 응급의료센터가 대표 사례다. 서울시 동북권역응급의료센터로 지정된 고려대안암병원은 본관에 있던 응급의료센터를 메디컴플렉스 신관 1층으로 확대 이전했다.이미 고려대안암병원은 신관을 부분 오픈한 2021년 중증질환 및 필수 의료를 강화하기 위해 암병원·심혈관센터·뇌신경센터 등을 확대해 전면 배치한 바 있다. 3층 암병원에선 각 암종별로 특화된 진료가 가능하다. 갑상선센터·여성암센터 등으로 세분화한 부서가 암 부위와 특성에 따라 협진해 한 공간에서 검사·진료·항암치료까지 모든 진료가 가능한 시스템을 갖췄다. 4층 심혈관센터는 반도체 제조공정과도 견줄 만큼 청결한 시술실을 갖추고 있다. 뇌신경센터는 신경과·신경외과·신경생리검사실 등을 구성해 뇌·척추 신경에 대한 체계적 진료를 실현하고 있다.고려대안암병원의 각 센터에서는 세계적 수준을 자랑하는 각 분야 전문의들이 진료하고 있다. 진료지원부서에서도 최상급 인적자원을 활용해 최고의 의료서비스를 제공하기 위해 진력하고 있다. 향후 고려대안암병원은 첨단 의료로부터 소외받는 지역이 없도록 서울 강북지역 최북단에 ‘CAR-T 세포치료센터’를 오픈해 ‘기적의 항암제’라 불리는 최신 항암치료를 제공할 예정이다.최첨단기술로 이뤄지는 초고난도 치료고려대안암병원에선 수술용 로봇·내시경을 활용한 최소침습·최소절개 수술을 진행하고 있다. 수술 후 빠른 회복과 후유증을 최소화하기 위해서다. 직장암·유방재건 같은 수술은 특성상 직접 칼을 대기 어렵다. 로봇수술은 이에 대안이 될 수 있다. 고려대안암병원의 로봇수술 실력은 세계적 수준을 자랑한다. 세계 최초 직장암 로봇수술법 개발, 세계 최초 로봇경구갑상선수술 개발, 아시아 최초·최다 근치적 방광 절제술 시행 등 관련 분야에 굵직한 성과를 남겼다. 이외에도 흉터 크기를 10분의 1로 줄인 국내 최초 로봇 유방재건술 등 현재까지 7000례 이상 로봇수술을 시행하며 암환자에게 새로운 희망을 전하고 있다.고려대안암병원은 로봇수술뿐 아니라 연간 50여 명의 해외 의료진이 술기를 배우기 위해 방문할 만큼 장기이식수술·초고난도 대장암수술 등에서 손꼽히는 의료 술기를 자랑한다. 특히 방사선 치료 분야에서는 아시아 최초로 도입한 방사선 암치료기 ‘핼시온 2.0’과 국내 최초 5세대 ‘ClearRT 래디잭트 X9’를 통해 개별 환자에게 맞춘 최적의 치료 계획을 통해 최소 선량으로 최상의 치료 효과를 얻을 수 있다. 기존 장비 대비 치료시간 단축으로 방사선량 전달 오차를 최소화해 안전성과 정확성이 높다.고려대안암병원은 수술실을 대폭 확대할 계획이다. 규모 확대는 물론 실시간 수술 스테이션이 갖춰지며, 기존 첨단 수술실은 스마트 수술실로 진화한다. 어떠한 상황에도 완벽히 대처할 수 있는 유연한 시스템을 갖추게 된다.환자 관점으로 설계한 편의 증진 인프라



고려대안암병원은 인공지능·로봇·IoT 등 최첨단기술을 활용해 환자 맞춤형 디지털 헬스케어를 실현하고 있다. [고려대안암병원]환자 편의 증진도 고려대 안암병원의 특장점이다. 외래진료를 위해 고려대안암병원을 찾는 환자 및 내원객은 2층 로비 출입구를 이용하게 된다. 응급환자와 일반 환자 간 진입 통로를 분리해 동선 혼잡도와 감염 위험을 낮추고, 신속·쾌적한 병원 이용을 가능케 하기 위한 조치다.로비를 중심으로 각 진료센터는 효율적으로 배치돼 원내 이동 시 병목현상을 최소화했다. 또 채혈실·CT검사실·MRI검사실을 추가로 마련해 외래진료 환자들의 이동 동선 효율성을 높였으며 환자의 대기 시간도 대폭 줄였다.특히 고려대안암병원은 귀가 전 단 1회 수납만 하면 되도록 외래 절차를 간소화했다. 이는 기존 대형병원 이용 방식에 대한 고정관념을 깨고 환자가 1초라도 더 아낄 수 있도록, 철저한 환자 중심 프로세스를 설계한 결과다.초협진 진료 역시 환자 편의를 위한 노력의 일환이다. 2021년부터 고려대안암병원은 기존 다학제 진료와는 차원이 다른 초협진 진료를 추진해 왔다. 초협진 진료는 진단부터 치료 후 추적·관찰까지 다학제로 진행하는 새로운 개념의 진료 프로세스다. 최선의 치료 방법을 논의할 수 있으며 환자의 내원 횟수를 줄이고 검사·치료 대기시간을 줄인다.또한 고려대안암병원은 프로세스개선·공간 확장과 더불어 환자·내원객을 위한 편의 공간을 대폭 확대했다. 서울 지하철 6호선 안암역과 이어지는 정원 등을 마련해 환자의 심리적 휴식을 도모했다. 원내 곳곳에도 다양한 편의 공간을 조성했다. 답답하게 느껴질 수 있는 병원 생활에서 환자들이 활력을 잃지 않도록, 환자 관점에서 고민한 결과다.미래 의학 실사판 스마트 호스피탈 &amp; 옴니버스 플랫폼고려대안암병원이 실현한 ‘스마트 호스피탈(Smart Hospital)’은 고려대의료원에서 국내 최초로 개발해 100% 전환에 성공한 클라우드 기반 ‘정밀의료 병원정보 시스템(P-HIS)’을 기반으로 한다. 이는 세계에서도 우수성을 인정받고 있다.외래진료에서는 혈압·체중·신장 등 기초 측정 데이터를 사물인터넷(IoT)를 통해 입력한다. 내원 후 검사만 하면 의료 데이터가 P-HIS로 즉시 자동 전송된다. 외래 예진 설문지는 병원 방문 전 모바일을 통해 여유롭게 미리 작성할 수 있다. 의료진은 음성으로 차트를 입력한다. 단순 반복 업무를 줄여 환자에게 집중할 시간을 확보할 수 있다. 환자는 외래 대기시간이 획기적으로 줄고 편리·정확한 진료를 받을 수 있다. 진료 효율성이 높아지며 환자에게 질 높은 의료서비스를 제공하는 것이다.병동에도 무선네트워크와 IoT 기술을 결합한 스마트 병동 솔루션을 구현했다. 실시간 병상 모니터링이 가능한 첨단 시스템을 갖춤과 동시에 담당 간호사들이 업무 공간에서 병실 내부를 직접 확인할 수 있는 혁신적 구조를 구현했다.고려대안암병원은 기술뿐 아니라 융·복합연구 분야 리더로서 다양한 연구 플랫폼 개발 및 기술사업화를 진행하고 있다. 2017년 정부가 추진한 국가 기반 전략 정밀의료사업 ‘암 정밀 진단치료법 개발 사업단’과 ‘정밀의료 병원정보시스템 개발 사업단’을 모두 담당했다. 이를 바탕으로 2021년 보건복지부가 주관하는 ‘2021년 의료데이터 중심병원 지원 사업’ 담당으로 선정돼 클라우드 기반 진료 정보 빅데이터 표준화에 앞장서고 있다. 또 보건복지부 국가임상시험지원재단으로부터 ‘국가 감염병 임상시험센터’로 지정돼 코로나19 백신 치료제 임상시험 수행도 지원했다.최근엔 국내외 기업 및 연구기관과 협력해 환자 중심 진료 고도화 및 디지털 트윈(현실세계의 기계·장비·사물 등을 컴퓨터 속 가상세계에 구현한 것)을 통해 옴니버스 플랫폼을 기반으로 환자 맞춤형 초개인화 디지털 의료 생태계 구축 프로젝트를 진행하고 있다. 옴니버스 플랫폼은 의료 현장과 환자가 디지털로 연계되는 것을 의미한다.환자는 옴니버스 플랫폼을 통해 초개인·초정밀·초협진 진료를 받을 수 있게 되며, 이를 통해 홈케어까지 가능해질 전망이다. 환자가 병원에 오기 전부터 치료 후 가정으로 돌아간 뒤에도 케어를 받을 수 있는 전 주기적 의료서비스 제공이 가능해지는 것이다.인류애 담은 仁術 실천 앞장고려대안암병원은 이전부터 ‘나눔의 손길’을 통해 국제사회에서 위상을 높여왔다. 해외 재난 지역을 직접 찾아가며 의료봉사를 펼치는 등 인류애를 실천해 왔다. 의료 선진국 대표 병원으로서 역할과 사명을 다하기 위해 해외 의료진 양성에도 힘쓰고 있다. 지구상 어디라도 도움이 필요한 곳이라면 주저 없이 병원의 선진 의료 기술과 경험을 전수하고 있다.고려대안암병원은 이번 메디컴플렉스 신관 오픈을 맞아 전 세계 저명한 학자들이 모여 미래 의학에 대해 논의를 펼치는 국제 심포지엄을 개최할 계획이다. 이를 시작으로 매년 다양한 의견을 공유할 수 있는 국제행사를 개최해 한국 대표 의료기관으로서 국제적 입지를 다질 예정이다.



고려대안암병원이 마련했던 ‘서울형 소아전용 외래센터’. 에어텐트와 건축구조물을 혼합한 하이브리드 형태의 모듈 병원으로서 감염병에 신속·유연한 대처가 가능하다. [고려대안암병원]코로나19 대처도 고려대안암병원의 위상을 높였다. 고려대안암병원은 감염병 관리에 탁월한 역량을 발휘하며 코로나 팬데믹 상황에서 돋보이는 활약을 펼친 바 있다. 코로나19를 넘어 미래에 인류를 위협할 어떤 감염병에도 즉각적으로 대처하고 슬기롭게 이겨낼 수 있도록 여러 방안을 고안해 왔다. 실용성이 뛰어난 모듈 병상을 선제 도입할 수 있는 시스템을 마련했으며, 에어텐트와 건축구조물을 혼합한 하이브리드 형태 모듈 병원 ‘서울형 소아전용 외래센터’를 운영해 신속·유연한 프로세스를 확립했다.감염병 대응센터도 구축할 계획이다. 이는 감염병에 관련된 모든 시설을 집약한 독립 시설로서 감염병 진료뿐 아니라 일반 진료까지 가능한, 미래 감염병 시대에 특화된 시스템으로 구축된다. 향후 인류의 건강과 생명을 지키는 데 큰 몫을 해낼 것으로 전망한다.한승범 고려대안암병원 원장“환자의 낯선 여정 함께”



한승범 고려대안암병원 원장은 ‘신동아’와 인터뷰하면서 “환자의 아픔에 공감하며 여정을 함께하는 병원이 고려대안암병원의 지향점”이라고 말했다. [박해윤 기자]한승범(57) 고려대안암병원 원장은 고려대안암병원과 30여 년 여정을 함께했다. 1991년 고려대 의과대학 졸업 후 쭉 고려대안암병원에 몸담았다. 정형외과 교수를 지내다 2014년 정형외과 과장에 오른 후 올해 3월 직무대행을 거쳐 4월 31대 병원장으로 취임했다.이런 그이기에 이번 메디컴플렉스 신관 오픈은 그에게 무엇보다 더 큰 감격으로 다가온다. 한승범 원장은 “고려대 의과대학·의료원·안암병원 모두에 전환점이 되는 이벤트다. 단순히 하드웨어 변화를 넘어 소프트웨어까지 모두 변화해 또 한 번 도약하겠다”고 포부를 밝혔다. 이어 “스마트 병원, 환자 중심 편의시설로 환자와 여정을 함께하는 병원이 되겠다”고 강조했다.메디컴플렉스 신관에 상당한 공을 들여왔다. 설계부터 건축까지 16년이 걸렸는데 어떤 부분이 더 개선됐나.“먼저 환자 편의다. 기존에 비해 공간이 크게 넓어져 환자 편의가 크게 증진됐다. 단순 의료 공간뿐 아니라 휴게 공간 등 편의시설이 갖춰져 병원을 찾은 환자·내원객 모두가 ‘힐링’하는 시간을 가질 수 있다. 환자가 병원에 와서 겪는 진료·수술·입원 등의 과정은 낯설고 힘들 수밖에 없다. 이 여정을 외롭지 않게, 함께하겠다는 것이다. 스마트병원도 이를 위한 수단 가운데 하나다. 디지털 헬스케어·인공지능(AI) 기술을 이용해 문진·진료·수납을 ‘원-스톱’으로 처리할 수 있다. 환자가 진료 시간을 획기적으로 단축하고 ‘홈 케어’를 받을 수 있도록 했다. 다른 하나는 중증질환 치료 역량이다. 고려대안암병원은 상급종합병원으로서 막중한 책임감을 갖고 중증질환 치료에 진력해 왔다. 암·심장·뇌혈관 질환에 더 고차원적 대처가 가능하도록 응급의료센터를 확대·강화했다. 로봇수술도 빼놓을 수 없다. 로봇수술센터를 활성화해 미래 의학 역량을 강화했다. 세계로 보급되고 있는 고려대안암병원 의료진 개발 기술도 있는 등 독보적 역량을 갖추고 있다.”고려대안암병원이 이른바 ‘빅5 병원’에 진입하기 위해서는 어떤 노력이 더 필요하다고 보나.“빅5 선정 기준은 병상수다. 물론 병원이 발전하려면 일정 규모를 갖춰야 하는 것은 맞지만 병상수가 많다고 해서 좋은 병원은 아니다. 미국만 해도 빅5 병원 순위를 규모로 매기지 않고 있다. 고려대안암병원은 ‘양’보단 ‘질’을 우선한다. 특히 중증질환 치료 역량 강화에 방점을 두고 있다. 중환자실을 미국 등 선진국 병원의 그것과 비교해도 뒤지지 않을 정도로 강화할 계획이다. 또 코로나19와 같은 팬데믹이 다시 발생해도 맞설 수 있도록 감염병 대비 역량도 증진할 것이다.”이어 한승범 원장은 “결국 병원의 모든 발전이 목표하는 지점은 하나다. 환자에게 더 질 높은 의료서비스를 제공하는 것”이라고 말했다.고려대안암병원이 환자에게 어떤 병원으로 인식되길 바라나.“가장 중요한 지점이다. 앞서 말했지만 환자가 병원을 찾고, 머물고, 떠나는 여정은 낯설고 힘들다. 이 힘든 시간을 단 1초라도 소중히 여기고, 아껴주고 싶은 마음이다. 아울러 이 과정이 외롭지 않도록 의료진을 비롯한 전 직원이 여정을 함께하고, 아픔에 공감하는 병원을 만들 것이다. 고려대안암병원을 찾는 환자·내원객 모두가 우리 병원을 이렇게 인식해 주면 좋겠다.”
]"
2018-12-25 11:15:00,"서울시, 혁신기술 상용화 실증기회 제공…100억 자금지원도",https://n.news.naver.com/mnews/article/003/0008978676?sid=102,"[
AI·드론 등 혁신기술 기반 신제품 시정에 시범 적용…행정서비스 혁신 실증성공 제품 ‘성능확인서’ 발급…기업의 국내 및 해외 판로개척 지원내년 판로개척 어려움 겪는 혁신기업 위해 올해 2배인 100억원 투자



【서울=뉴시스】우리나라 드론 현황 및 구조와 산업을 정리한‘DRONE IN 드론’이 출간됐다. 2017.11.17.  photo@newsis.com (뉴시스 DB)【서울=뉴시스】 박대로 기자 = #1. 반도체 가공기술을 이용한 머리카락 두께의 반도체 탐침센서를 나무에 이식해 센서의 정보를 원격 측정하는 방식으로 식물의 건강이상 유무, 병충해 감염 등을 조기 진단하는 기술을 개발한 ㈜텔로팜은 서울월드컵경기장 내 잔디구장 및 녹지대, 청계천 가로수(이팝나무), 서울시립승화원 내 수목에 1년간 실증해 볼 수 있는 기회를 얻었다.#2. 주식회사 토이스미스는 사물인터넷(IoT)센서와 빅데이터 분석기술을 활용하여 지하철 차량내의 고객 혼잡도, 이용패턴분석, 선로 상태분석 등을 할 수 있는 시스템의 실증을 준비 중이다. 시민의 안전과 직결된 지하철의 이상 감지 효과 및 유동인구 변화에 따른 상권분석 데이터 마련에 도움이 될 것으로 기대된다.서울시는 혁신적인 기술을 개발했지만 상용화·사업화 실적이 없어 판로개척에 어려움을 겪고 있는 중소·벤처기업을 대상으로 실험공간과 예산을 제공하는 ‘서울시 혁신기술 공공테스트베드 제공 사업’에 55억원을 지원한다고 25일 밝혔다. 서울시는 총 58건의 과제 중 선정된 12개 과제에 대해서는 실증현장 맞춤형 기능개선, 제품의 내구성·정확성과 같은 신뢰도 검증, 검증결과를 반영한 성능 개선 등에 필요한 비용을 지원한다. 서울시내 각 시설 및 공간(서울월드컵경기장, 지하철 6호선, 청계천, 서울어린이대공원, 서울의료원 등)에서 진행되는 현장 실증은 최장 1년간 진행된다.이러한 실증을 통해 중소·벤처기업은 제품과 서비스의 보완이 필요한 점을 확인하고 개선할 수 있는 기회를 얻게 된다. 서울시 역시 시민들에게 제공하는 행정 서비스에 혁신기술과 제품을 적용하는 효과를 얻을 수 있다. 성과가 입증된 제품에는 서울산업진흥원장 명의의 ‘성능확인서’를 발급해 기업의 판로개척을 지원한다.서울시는 실증현장 정기점검을 하면서 실증 제품을 시정에 적용한 후 얻어지는 성과를 비용절감, 효율성·안정성 제고, 공공 데이터 확보 등 세부항목별로 면밀히 확인할 예정이다.또한 내년에는 3월부터 ‘혁신기술 공공테스트베드 제공’ 사업공고 및 신청접수를 받을 예정이고, 혁신기술 실증 수요를 상시 접수할 계획이다.이를 위해 ‘서울형 R&amp;D’ 홈페이지 첫화면에 ‘수요조사’ 배너와 마이크로사이트를 만들어 실증수요가 있는 기업과 서울시 기관·부서들의 의견을 상시 수렴할 예정이다.의견을 제출하려는 기업 등에서는 ‘서울형 R&amp;D’ 사업 전담기관인 서울산업진흥원의 홈페이지(http://seoul.rnbd.kr)에 접속한 뒤 오른편 중앙에 위치한 수요조사 배너를 클릭하면 된다.조인동 서울시 경제진흥본부장은 “공공 테스트베드 제공 사업은 중소·벤처기업에게 판로개척의 기회를 제공하는 동시에 혁신기술 제품을 시정에 시범 적용할 수 있는 혁신 사업으로 지속적으로 확대할 것”이라며, “2019년에는 현재의 2배 규모인 100억원으로 지원예산을 확대한다.”라고 말했다.daero@newsis.com▶ 뉴시스 빅데이터 MSI 주가시세표 바로가기 ▶ 네이버에서 뉴시스 채널 구독하기&lt;저작권자ⓒ 공감언론 뉴시스통신사. 무단전재-재배포 금지.&gt;
]"
2018-04-17 18:07:10,"스타트업과 손잡는 공공기관… ""아이디어 만난 서비스 대박""",https://n.news.naver.com/mnews/article/029/0002459045?sid=105,"[
서울교통공사·서울시설공단""ICT신기술로 편의성 강화""하차알림 · 따릉이 등 협업



지난 1월 5일 서울 역삼동 스타트업얼라이언스에서 열린 오픈토크에서 서울교통공사와 스타트업 관계자들이 서비스 개선 아이디어를 주고받고 있다.  스타트업얼라이언스 제공서울교통공사 등 서울시 공공기관들이 벤처업계와의 '오픈 이노베이션'에 적극 나서고 있다. 스타트업의 기술과 서비스를 활용해 경쟁력을 높이려는 시도다. 서울 지하철 1∼8호선을 운영하는 서울교통공사는 1월 초 스타트업들과 아이디어를 자유롭게 주고받는 오픈토크를 개최한 데 이어 4개 협업 프로젝트를 진행하고 있다. 공기질 개선, 고객 동선 개선 등에 스타트업의 말랑말랑한 아이디어를 접목하기 위한 것. 서울교통공사 관계자는 ""지하철 이용 고객들에게 보다 편리한 서비스를 제공하자는 취지에서 스타트업의 서비스를 접목하는 시도를 하고 있다""면서 ""최근 4개 스타트업과 업무협약을 맺고 본격적인 작업을 시작했다""고 밝혔다. 공사가 연 오픈토크에는 27개 스타트업이 참여를 신청했고 8개사가 사업 구상을 발표했다.서울교통공사는 이들 중 △정거장·역사·차량의 혼잡도를 확인할 수 있는 '토이스미스' △지하철 앱을 통한 하차역 알림 서비스를 제공할 수 있는 '사운들리' △지하철 연계 자전거 서비스가 가능한 '에스바이크' △미세먼지 측정 협력을 할 수 있는 '어웨어' 등 4개사와 협업하고 있다.서울교통공사에 이어 서울시설공단은 18일 오픈토크를 갖고 서울 자전거 '따릉이'를 비롯해 서울월드컵경기장, 고척스카이돔, 서울어린이대공원, 청계천, 지하도상가 등에 스타트업 서비스를 입힌다는 계획이다. 사물인터넷(IoT), 모바일, 빅데이터, 드론, 인공지능(AI) 등 다양한 ICT 신기술을 접목해 이용자 편의를 높이겠다는 것. 공공기관들의 이런 움직임은 서울시 IoT 실증사업 등으로 이미 협업효과가 입증된 데다 혁신을 위해 외부의 신선한 아이디어 접목이 필요하다는 판단에 따른 것이다. 임정욱 스타트업얼라이언스 센터장은 ""공공기관과 스타트업의 협업은 서비스 개선, 레퍼런스 확보 등 양쪽 모두에 경쟁력을 높이는 계기가 된다""면서 ""서울에서 성공한 모델은 지역으로 뻗어 나가는 경우가 많아 생태계의 선순환이 기대된다""고 말했다.다만 이런 오픈 이노베이션 모델이 성공하려면 공공기관 사업 관련 규제완화와 예외적용이 필요하다는 목소리가 나온다. 공공기관의 경우 민간기업과 달리 신규사업 시 반드시 경쟁입찰을 거쳐야 해 스타트업과 같이 기획해도 사업기회가 다른 기업에 넘어갈 수 있기 때문이다. 벤처업계 한 관계자는 ""현행 공공조달 체계상 스타트업이 기관과 협업해 사업모델을 만들어도 그 사업을 함께할 수 있다는 보장이 없다""면서 ""기관과 벤처기업의 오픈 이노베이션 확대를 위해 제도 개선이 필요하다""고 지적했다.박종진기자 truth@ 디지털타임스 홈페이지 바로가기 디지털타임스 영문뉴스 바로가기 / 카드뉴스 바로가기박종진
		]"
